{
  "$id": "http://example.com/example.json",
  "type": "object",
  "definitions": {},
  "$schema": "http://json-schema.org/draft-07/schema#",
  "properties": {
    "stringFuncsRS": {
      "$id": "/properties/stringFuncsRS",
      "type": "object",
      "properties": {
        "originalString": {
          "$id": "/properties/stringFuncsRS/properties/originalString",
          "type": "string",
          "title": "The Originalstring Schema ",
          "default": "",
          "examples": [
            "aaavvvbbcv"
          ]
        },
        "compressedString": {
          "$id": "/properties/stringFuncsRS/properties/compressedString",
          "type": "string",
          "title": "The Compressedstring Schema ",
          "default": "",
          "examples": [
            "a3v3b2c1v1"
          ]
        }
      }
    }
  }
}