{
  "$id": "http://example.com/example.json",
  "type": "object",
  "definitions": {},
  "$schema": "http://json-schema.org/draft-07/schema#",
  "properties": {
    "stringFuncsRS": {
      "$id": "/properties/stringFuncsRS",
      "type": "object",
      "properties": {
        "originalString": {
          "$id": "/properties/stringFuncsRS/properties/originalString",
          "type": "string",
          "title": "The Originalstring Schema ",
          "default": "",
          "examples": [
            "aaaaaaa"
          ]
        },
        "uniqueString": {
          "$id": "/properties/stringFuncsRS/properties/uniqueString",
          "type": "boolean",
          "title": "The Uniquestring Schema ",
          "default": false,
          "examples": [
            false
          ]
        }
      }
    }
  }
}