<?xml version="1.0" encoding="UTF-8"?>

<mule xmlns:metadata="http://www.mulesoft.org/schema/mule/metadata" xmlns:http="http://www.mulesoft.org/schema/mule/http" xmlns:dw="http://www.mulesoft.org/schema/mule/ee/dw" xmlns="http://www.mulesoft.org/schema/mule/core" xmlns:doc="http://www.mulesoft.org/schema/mule/documentation"
	xmlns:spring="http://www.springframework.org/schema/beans" 
	xmlns:xsi="http://www.w3.org/2001/XMLSchema-instance"
	xsi:schemaLocation="http://www.springframework.org/schema/beans http://www.springframework.org/schema/beans/spring-beans-current.xsd
http://www.mulesoft.org/schema/mule/core http://www.mulesoft.org/schema/mule/core/current/mule.xsd
http://www.mulesoft.org/schema/mule/ee/dw http://www.mulesoft.org/schema/mule/ee/dw/current/dw.xsd
http://www.mulesoft.org/schema/mule/http http://www.mulesoft.org/schema/mule/http/current/mule-http.xsd">



    <sub-flow name="uniqueFlow">
        <custom-transformer returnClass="java.lang.Boolean" mimeType="application/java" class="com.stringfunctions.InvokeUniqueURI" doc:name="Java"/>
        <logger level="INFO" doc:name="Logger"/>
        <dw:transform-message doc:name="Transform Message" metadata:id="44f819dd-a4ac-4895-ab01-1107753352ea">
            <dw:input-payload mimeType="application/java"/>
            <dw:set-payload><![CDATA[%dw 1.0
%output application/json
---
{
	stringFuncsRS: {
		originalString: flowVars.inputString,
		uniqueString: payload as :boolean
	}
}]]></dw:set-payload>
        </dw:transform-message>
    </sub-flow>






</mule>
